{
	"format_version": "1.8.0",
	"animations": {
		"animation.saving_orb.idle": {
			"loop": true,
			"bones": {
				"orb": {
					"rotation": [0, "query.anim_time * 30", 0],
					"position": [0, "math.sin(query.anim_time * 60) *2", 0]
				}
			}
		},
		"animation.saving_orb.saving": {
			"animation_length": 1,
			"bones": {
				"orb": {
					"rotation": {
						"0.0": [0, "query.anim_time * 360", 0],
						"1.0": [0, "query.anim_time * 180", 0]
					},
					"scale": {
						"0.0": [1, 1, 1],
						"0.5417": [0.82896, 0.82896, 0.82896],
						"0.6667": [0.8, 0.8, 0.8],
						"0.7083": [0.82738, 0.82738, 0.82738],
						"0.75": [0.92603, 0.92603, 0.92603],
						"0.7917": [1.07397, 1.07397, 1.07397],
						"0.8333": [1.17262, 1.17262, 1.17262],
						"0.875": [1.2, 1.2, 1.2],
						"0.9167": [1.17939, 1.17939, 1.17939],
						"0.9583": [1.02061, 1.02061, 1.02061],
						"1.0": [1, 1, 1]
					}
				}
			}
		},
		"animation.saving_orb.inactive": {
			"loop": true,
			"bones": {
				"orb": {
					"scale": 0
				}
			}
		},
		"animation.saving_orb.active": {
			"animation_length": 3.5,
			"bones": {
				"orb": {
					"position": {
						"3.0": [0, 0, 0],
						"3.0417": [0, 0.2396, 0],
						"3.0833": [0, 0.95374, 0],
						"3.1667": [0, 3.04626, 0],
						"3.2083": [0, 3.7604, 0],
						"3.25": [0, 4, 0],
						"3.2917": [0, 3.7604, 0],
						"3.3333": [0, 3.04626, 0],
						"3.4167": [0, 0.95374, 0],
						"3.4583": [0, 0.2396, 0],
						"3.5": [0, 0, 0]
					},
					"scale": {
						"3.0": {
							"pre": [0, 0, 0],
							"post": [0, 0, 0],
							"lerp_mode": "catmullrom"
						},
						"3.25": {
							"post": [1.2, 1.2, 1.2],
							"lerp_mode": "catmullrom"
						},
						"3.2917": [1.47005, 1.47005, 1.47005],
						"3.3333": [1.38078, 1.38078, 1.38078],
						"3.4167": [1.11922, 1.11922, 1.11922],
						"3.4583": [1.02995, 1.02995, 1.02995],
						"3.5": [1, 1, 1]
					}
				}
			}
		}
	}
}