{
	"format_version": "1.8.0",
	"animations": {
	    "animation.wooden_elevator.default": {
			"loop": true
		},
		"animation.wooden_elevator.sway": {
			"animation_length": 2,
			"bones": {
				"elevator": {
					"rotation": {
						"0.0": [0, 0, 0],
						"0.0417": [0.2995, 0, 0],
						"0.0833": [1.19218, 0, 0],
						"0.1667": [3.80782, 0, 0],
						"0.2083": [4.7005, 0, 0],
						"0.25": [5, 0, 0],
						"0.2917": [4.58071, 0, 0],
						"0.3333": [3.33095, 0, 0],
						"0.4167": [-0.33095, 0, 0],
						"0.4583": [-1.58071, 0, 0],
						"0.5": [-2, 0, 0],
						"0.5417": [-1.69085, 0, 0],
						"0.5833": [0.69085, 0, 0],
						"0.625": [1, 0, 0],
						"0.9583": [0.04477, 0, 0],
						"1.0": [0, 0, 0]
					}
				}
			}
		}
	}
}